Username,First name,Last name,Display name,Job title,Department,Office number,Office phone,Mobile phone,Fax,Alternate email address,Address,City,State or province,ZIP or postal code,Country or region
user01@TestProcedureTenant.onmicrosoft.com,User,01,User01,,,,,,,,,,,
user02@TestProcedureTenant.onmicrosoft.com,User,02,User02,,,,,,,,,,,
user03@TestProcedureTenant.onmicrosoft.com,User,03,User03,,,,,,,,,,,
user04@TestProcedureTenant.onmicrosoft.com,User,04,User04,,,,,,,,,,,
user05@TestProcedureTenant.onmicrosoft.com,User,05,User05,,,,,,,,,,,
user06@TestProcedureTenant.onmicrosoft.com,User,06,User06,,,,,,,,,,,
user07@TestProcedureTenant.onmicrosoft.com,User,07,User07,,,,,,,,,,,
user08@TestProcedureTenant.onmicrosoft.com,User,08,User08,,,,,,,,,,,
user09@TestProcedureTenant.onmicrosoft.com,User,09,User09,,,,,,,,,,,
user10@TestProcedureTenant.onmicrosoft.com,User,10,User10,,,,,,,,,,,
user11@TestProcedureTenant.onmicrosoft.com,User,11,User11,,,,,,,,,,,
user12@TestProcedureTenant.onmicrosoft.com,User,12,User12,,,,,,,,,,,
user13@TestProcedureTenant.onmicrosoft.com,User,13,User13,,,,,,,,,,,
user14@TestProcedureTenant.onmicrosoft.com,User,14,User14,,,,,,,,,,,
user15@TestProcedureTenant.onmicrosoft.com,User,15,User15,,,,,,,,,,,
user16@TestProcedureTenant.onmicrosoft.com,User,16,User16,,,,,,,,,,,
user17@TestProcedureTenant.onmicrosoft.com,User,17,User17,,,,,,,,,,,
user18@TestProcedureTenant.onmicrosoft.com,User,18,User18,,,,,,,,,,,
user19@TestProcedureTenant.onmicrosoft.com,User,19,User19,,,,,,,,,,,
user20@TestProcedureTenant.onmicrosoft.com,User,20,User20,,,,,,,,,,,
user21@TestProcedureTenant.onmicrosoft.com,User,21,User21,,,,,,,,,,,
user22@TestProcedureTenant.onmicrosoft.com,User,22,User22,,,,,,,,,,,
user23@TestProcedureTenant.onmicrosoft.com,User,23,User23,,,,,,,,,,,
user24@TestProcedureTenant.onmicrosoft.com,User,24,User24,,,,,,,,,,,